{
    "name": "root",
    "gauges": {
        "3DBall.Policy.Entropy.mean": {
            "value": 1.3913235664367676,
            "min": 1.3913235664367676,
            "max": 1.4207919836044312,
            "count": 7
        },
        "3DBall.Environment.EpisodeLength.mean": {
            "value": 246.6530612244898,
            "min": 22.021072796934867,
            "max": 246.6530612244898,
            "count": 7
        },
        "3DBall.Policy.ExtrinsicValueEstimate.mean": {
            "value": 1.471340537071228,
            "min": 0.11224760115146637,
            "max": 1.471340537071228,
            "count": 7
        },
        "3DBall.Environment.CumulativeReward.mean": {
            "value": 23.406125710935008,
            "min": 1.2011515931753645,
            "max": 23.406125710935008,
            "count": 7
        },
        "3DBall.Policy.ExtrinsicReward.mean": {
            "value": 23.406125710935008,
            "min": 1.2011515931753645,
            "max": 23.406125710935008,
            "count": 7
        },
        "3DBall.IsTraining.mean": {
            "value": 1.0,
            "min": 1.0,
            "max": 1.0,
            "count": 7
        },
        "3DBall.Losses.PolicyLoss.mean": {
            "value": 0.09817185474280767,
            "min": 0.0974056140524659,
            "max": 0.10373963357601813,
            "count": 6
        },
        "3DBall.Losses.ValueLoss.mean": {
            "value": 7.3993675254033,
            "min": 0.23011779081268957,
            "max": 7.3993675254033,
            "count": 6
        },
        "3DBall.Policy.LearningRate.mean": {
            "value": 0.00025675861441379995,
            "min": 0.00025675861441379995,
            "max": 0.00029278980240339997,
            "count": 6
        },
        "3DBall.Policy.Epsilon.mean": {
            "value": 0.18558619999999998,
            "min": 0.18558619999999998,
            "max": 0.1975966,
            "count": 6
        },
        "3DBall.Policy.Beta.mean": {
            "value": 0.0008573033800000002,
            "min": 0.0008573033800000002,
            "max": 0.0009762063399999998,
            "count": 6
        }
    },
    "metadata": {
        "timer_format_version": "0.1.0",
        "start_time_seconds": "1673500180",
        "python_version": "3.7.9 (tags/v3.7.9:13c94747c7, Aug 17 2020, 18:58:18) [MSC v.1900 64 bit (AMD64)]",
        "command_line_arguments": "C:\\Users\\USER\\AppData\\Local\\Programs\\Python\\Python37\\Scripts\\mlagents-learn 3DBall.yaml --run-id=MyML",
        "mlagents_version": "0.23.0",
        "mlagents_envs_version": "0.23.0",
        "communication_protocol_version": "1.3.0",
        "pytorch_version": "1.7.1+cu110",
        "numpy_version": "1.18.5",
        "end_time_seconds": "1673500331"
    },
    "total": 151.27262470000002,
    "count": 1,
    "self": 0.010157300000031455,
    "children": {
        "run_training.setup": {
            "total": 0.0554929000000004,
            "count": 1,
            "self": 0.0554929000000004
        },
        "TrainerController.start_learning": {
            "total": 151.2069745,
            "count": 1,
            "self": 0.3301788999992823,
            "children": {
                "TrainerController._reset_env": {
                    "total": 35.989678700000006,
                    "count": 1,
                    "self": 35.989678700000006
                },
                "TrainerController.advance": {
                    "total": 114.65636120000072,
                    "count": 9871,
                    "self": 0.17534120000043174,
                    "children": {
                        "env_step": {
                            "total": 114.48102000000029,
                            "count": 9871,
                            "self": 98.27401149999972,
                            "children": {
                                "SubprocessEnvManager._take_step": {
                                    "total": 16.036691900000108,
                                    "count": 9871,
                                    "self": 0.7191365000007721,
                                    "children": {
                                        "TorchPolicy.evaluate": {
                                            "total": 15.317555399999335,
                                            "count": 8271,
                                            "self": 2.5123893999999183,
                                            "children": {
                                                "TorchPolicy.sample_actions": {
                                                    "total": 12.805165999999417,
                                                    "count": 8271,
                                                    "self": 12.805165999999417
                                                }
                                            }
                                        }
                                    }
                                },
                                "workers": {
                                    "total": 0.17031660000045434,
                                    "count": 9870,
                                    "self": 0.0,
                                    "children": {
                                        "worker_root": {
                                            "total": 114.68502470000041,
                                            "count": 9870,
                                            "is_parallel": true,
                                            "self": 53.20440420000049,
                                            "children": {
                                                "steps_from_proto": {
                                                    "total": 0.0006209000000012566,
                                                    "count": 1,
                                                    "is_parallel": true,
                                                    "self": 0.00016360000000048558,
                                                    "children": {
                                                        "_process_vector_observation": {
                                                            "total": 0.000457300000000771,
                                                            "count": 2,
                                                            "is_parallel": true,
                                                            "self": 0.000457300000000771
                                                        }
                                                    }
                                                },
                                                "UnityEnvironment.step": {
                                                    "total": 61.47999959999992,
                                                    "count": 9870,
                                                    "is_parallel": true,
                                                    "self": 1.5955446999982925,
                                                    "children": {
                                                        "UnityEnvironment._generate_step_input": {
                                                            "total": 2.742927100000145,
                                                            "count": 9870,
                                                            "is_parallel": true,
                                                            "self": 2.742927100000145
                                                        },
                                                        "communicator.exchange": {
                                                            "total": 53.52363640000088,
                                                            "count": 9870,
                                                            "is_parallel": true,